{"properties": [
  {
    "name": "twilio.accountsid",
    "type": "java.lang.String",
    "description": "A description for 'twilio.accountsid'"
  },
  {
    "name": "twilio.contactNo",
    "type": "java.lang.String",
    "description": "A description for 'twilio.contactNo'"
  },
  {
    "name": "twilio.authToken",
    "type": "java.lang.String",
    "description": "A description for 'twilio.authToken'"
  },
  {
    "name": "spring.jpa.hibernate.dialect",
    "type": "java.lang.String",
    "description": "A description for 'spring.jpa.hibernate.dialect'"
  }
]}